<?xml version="1.0" encoding="UTF-8" standalone="yes"?><ereceteBilgisi><doktorBransKodu>9999</doktorBransKodu><doktorTcKimlikNo>99999999990</doktorTcKimlikNo><doktorSertifikaKodu>0</doktorSertifikaKodu><ereceteIlacBilgisi><adet>1</adet><barkod>8699514091509</barkod><ereceteIlacAciklamaBilgisi><aciklama>deneme</aciklama><aciklamaTuru>1</aciklamaTuru></ereceteIlacAciklamaBilgisi><kullanimDoz1>1</kullanimDoz1><kullanimDoz2>2.0</kullanimDoz2><kullanimPeriyot>1</kullanimPeriyot><kullanimPeriyotBirimi>3</kullanimPeriyotBirimi><kullanimSekli>1</kullanimSekli></ereceteIlacBilgisi><ereceteIlacBilgisi><adet>1</adet><barkod>8699546011209</barkod><ereceteIlacAciklamaBilgisi><aciklama>deneme</aciklama><aciklamaTuru>1</aciklamaTuru></ereceteIlacAciklamaBilgisi><kullanimDoz1>1</kullanimDoz1><kullanimDoz2>2.0</kullanimDoz2><kullanimPeriyot>1</kullanimPeriyot><kullanimPeriyotBirimi>3</kullanimPeriyotBirimi><kullanimSekli>1</kullanimSekli></ereceteIlacBilgisi><ereceteNo>0</ereceteNo><ereceteTaniBilgisi><taniKodu>A01</taniKodu></ereceteTaniBilgisi><protokolNo>fff</protokolNo><provizyonTipi>1</provizyonTipi><receteAltTuru>1</receteAltTuru><receteTarihi>04.01.2013</receteTarihi><receteTuru>1</receteTuru><seriNo>1</seriNo><takipNo>DFHTE6</takipNo><tcKimlikNo>99999999990</tcKimlikNo><tesisKodu>12065000</tesisKodu></ereceteBilgisi>